{
  "tier": {
    "0": "frequent",
    "1": "champion",
    "2": "nurturing_customer",
    "3": "low_value_frequent",
    "4": "hibernating",
    "5": "tending_to_lapse",
    "6": "new nurturing_customer",
    "7": "loyal_joe",
    "8": "new frequent",
    "9": "new champion",
    "10": "new potential_loyalist",
    "11": "new big_spender",
    "12": "big_spender"
  },
  "population": {
    "0": 109160,
    "1": 88294,
    "2": 58516,
    "3": 20583,
    "4": 18788,
    "5": 18240,
    "6": 14968,
    "7": 14170,
    "8": 8436,
    "9": 3977,
    "10": 2811,
    "11": 814,
    "12": 20
  },
  "recency": {
    "0": 0.5323425,
    "1": 0.993567,
    "2": 0.4999915,
    "3": 0.5,
    "4": 0.0,
    "5": 0.2350875,
    "6": 0.5,
    "7": 0.2436135,
    "8": 0.9576815,
    "9": 0.997737,
    "10": 1.0,
    "11": 0.9987715,
    "12": 0.925
  },
  "frequency": {
    "0": 0.9676575,
    "1": 1.0,
    "2": 0.45391,
    "3": 0.5,
    "4": 0.499947,
    "5": 0.001316,
    "6": 0.277325,
    "7": 1.0,
    "8": 0.5423185,
    "9": 1.0,
    "10": 0.0,
    "11": 0.5,
    "12": 0.5
  },
  "monetary": {
    "0": 0.5,
    "1": 0.6864285,
    "2": 0.5000085,
    "3": 0.0,
    "4": 5.3e-05,
    "5": 0.000658,
    "6": 0.5,
    "7": 0.0,
    "8": 0.5,
    "9": 0.765778,
    "10": 0.501067,
    "11": 1.0,
    "12": 1.0
  },
  "loyalty_age": {
    "0": 0.876507,
    "1": 0.870852,
    "2": 0.6734655,
    "3": 0.8724435,
    "4": 1.0,
    "5": 0.8206965,
    "6": 0.0,
    "7": 0.9957305,
    "8": 0.0,
    "9": 0.0,
    "10": 0.0,
    "11": 0.0,
    "12": 0.625
  }
}
